Algorithm,Load,QuestAvg,OtherAvg,AvgDiff,Improvement(%)
Random,50,3440.055520928018,3206.5549019607843,-233.50061896723355,-6.787699138769786
Random,100,3440.055520928018,5291.736423841059,1851.6809029130413,53.82706446591061
Random,150,3440.055520928018,5623.135099337748,2183.0795784097304,63.460591409896914
Fuzzy,50,3440.055520928018,3493.3686274509805,53.3131065229627,1.5497745951664326
Fuzzy,100,3440.055520928018,5449.88476821192,2009.8292472839025,58.42432585918596
Fuzzy,150,3440.055520928018,5458.0463576158945,2017.9908366878767,58.66157753591974
NSGA3,50,3440.055520928018,3328.0176470588235,-112.0378738691943,-3.2568623729354815
NSGA3,100,3440.055520928018,5398.697350993378,1958.64183006536,56.93634356043709
NSGA3,150,3440.055520928018,5262.576821192053,1822.5213002640353,52.97941527909924
