Algorithm,Load,QuestAvg,OtherAvg,AvgDiff,Improvement(%)
Random,50,21961272.25,19128197.083333332,-2833075.166666668,-12.900323507745176
Random,100,21961272.25,27354031.75,5392759.5,24.555769987323934
Random,150,21961272.25,28606823.416666668,6645551.166666668,30.26031957992173
Fuzzy,50,21961272.25,21200345.5,-760926.75,-3.464857324010452
Fuzzy,100,21961272.25,28145305.583333332,6184033.333333332,28.15881185268459
Fuzzy,150,21961272.25,28605824.0,6644551.75,30.25576876585554
NSGA3,50,21961272.25,19253866.083333332,-2707406.166666668,-12.328093453996809
NSGA3,100,21961272.25,28070310.833333332,6109038.583333332,27.817325489115653
NSGA3,150,21961272.25,28959023.083333332,6997750.833333332,31.864050286673766
