Algorithm,Load,QuestAvg,OtherAvg,AvgDiff,Improvement(%)
Random,50,29487.966666666667,8348.3,-21139.666666666668,-71.68912969019001
Random,100,29487.966666666667,29613.1,125.1333333333314,0.4243538889874787
Random,150,29487.966666666667,34765.1,5277.133333333331,17.89588747500392
Fuzzy,50,29487.966666666667,8632.6,-20855.36666666667,-70.72500760197099
Fuzzy,100,29487.966666666667,28988.9,-499.0666666666657,-1.6924417756847676
Fuzzy,150,29487.966666666667,28977.6,-510.3666666666686,-1.730762491818703
NSGA3,50,29487.966666666667,11256.7,-18231.266666666666,-61.826123424357284
NSGA3,100,29487.966666666667,31827.4,2339.4333333333343,7.933518644328368
NSGA3,150,29487.966666666667,29383.1,-104.8666666666686,-0.3556252889596839
