Algorithm,Load,QuestAvg,OtherAvg,AvgDiff,Improvement(%)
Random,50,26485.536666666667,11914.74,-14570.796666666667,-55.01416433447136
Random,100,26485.536666666667,34199.09,7713.55333333333,29.1236437094409
Random,150,26485.536666666667,33528.06,7042.523333333331,26.59007224194437
Fuzzy,50,26485.536666666667,11730.630000000001,-14754.906666666666,-55.70929844603236
Fuzzy,100,26485.536666666667,34076.0,7590.463333333333,28.65889949243996
Fuzzy,150,26485.536666666667,34099.8,7614.263333333336,28.74875985773872
NSGA3,50,26485.536666666667,11580.21,-14905.326666666668,-56.27723105730284
NSGA3,100,26485.536666666667,33861.67,7376.133333333331,27.84966537082314
NSGA3,150,26485.536666666667,34251.72,7766.183333333334,29.32235593741037
