Algorithm,Load,QuestAvg,OtherAvg,AvgDiff,Improvement(%)
Random,50,81253.16666666667,74395.5,-6857.6666666666715,-8.439876189440827
Random,100,81253.16666666667,98473.9,17220.733333333323,21.193922698397383
Random,150,81253.16666666667,103466.3,22213.13333333333,27.338175537773907
Fuzzy,50,81253.16666666667,82530.7,1277.5333333333256,1.5722874390536477
Fuzzy,100,81253.16666666667,101106.5,19853.33333333333,24.4339194985221
Fuzzy,150,81253.16666666667,103016.5,21763.33333333333,26.784597113138148
NSGA3,50,81253.16666666667,74985.6,-6267.566666666666,-7.713627571438239
NSGA3,100,81253.16666666667,101233.5,19980.33333333333,24.590221099075105
NSGA3,150,81253.16666666667,105160.2,23907.033333333326,29.422894287197
