Algorithm,Load,QuestAvg,OtherAvg,AvgDiff,Improvement(%)
Random,50,1,0.9,0.09999999999999998,11.111111111111107
Random,100,1,0.9,0.09999999999999998,11.111111111111107
Random,150,1,1,0,0.0
Fuzzy,50,1,0.6,0.4,66.66666666666667
Fuzzy,100,1,0.9,0.09999999999999998,11.111111111111107
Fuzzy,150,1,1,0,0.0
NSGA3,50,1,0.7,0.30000000000000004,42.85714285714287
NSGA3,100,1,0.8,0.19999999999999996,24.999999999999993
NSGA3,150,1,1,0,0.0
